{"meta": {"version": "5.3", "timestamp": "2020-12-02T17:45:24.469369", "branch_coverage": false, "show_contexts": false}, "files": {"flaskr/__init__.py": {"executed_lines": [1, 2, 3, 4, 5, 11, 13, 15, 16, 17, 18, 22, 24, 25, 29, 30, 31, 32, 33, 36, 37, 38, 39, 41, 42, 43, 44, 45, 46, 48, 49, 56], "summary": {"covered_lines": 32, "num_statements": 38, "percent_covered": 84.21052631578948, "missing_lines": 6, "excluded_lines": 0}, "missing_lines": [19, 27, 34, 51, 52, 54], "excluded_lines": []}, "flaskr/db.py": {"executed_lines": [1, 3], "summary": {"covered_lines": 2, "num_statements": 2, "percent_covered": 100.0, "missing_lines": 0, "excluded_lines": 0}, "missing_lines": [], "excluded_lines": []}, "flaskr/routes.py": {"executed_lines": [1, 2, 3, 4, 5, 6, 7, 8, 9, 10, 17, 18, 21, 24, 25, 26, 43, 44, 45, 46, 64, 65, 80, 92, 98, 99, 100, 101, 102, 103, 104, 120, 133, 139, 140, 141, 142, 143, 144, 145, 161, 174, 180, 181, 182, 183, 184, 185, 186, 202, 215, 221, 222, 223, 224, 241, 242, 244, 250, 252, 253, 256, 257, 258, 259, 261, 262, 263, 265, 267, 271, 273, 274, 275, 276, 280, 282, 283, 284, 287, 288, 290, 291, 292, 293, 295, 296, 297, 304, 305, 307, 308, 311, 312, 314, 315, 316, 318, 319, 325, 326, 327, 328, 330, 337, 338, 340, 342, 343, 345, 347, 348, 350, 352, 353, 355, 356, 357, 358, 363, 364, 366, 367, 368, 384, 389, 390, 392, 393, 394, 395, 396, 397, 398, 399, 401, 403, 405, 406, 413], "summary": {"covered_lines": 140, "num_statements": 201, "percent_covered": 69.65174129353234, "missing_lines": 61, "excluded_lines": 0}, "missing_lines": [19, 27, 28, 30, 35, 36, 38, 39, 40, 66, 94, 95, 105, 134, 135, 136, 146, 175, 176, 177, 187, 216, 217, 218, 246, 247, 254, 264, 268, 269, 277, 278, 285, 298, 299, 301, 302, 309, 320, 321, 322, 331, 332, 333, 359, 360, 361, 385, 386, 387, 400, 402, 404, 407, 408, 409, 410, 412, 414, 415, 416], "excluded_lines": []}}, "totals": {"covered_lines": 174, "num_statements": 241, "percent_covered": 72.19917012448133, "missing_lines": 67, "excluded_lines": 0}}