{"meta": {"version": "5.3", "timestamp": "2020-12-01T19:04:48.200206", "branch_coverage": false, "show_contexts": false}, "files": {"flaskr/__init__.py": {"executed_lines": [1, 2, 3, 4, 5, 11, 13, 15, 16, 17, 18, 22, 24, 25, 29, 30, 31, 32, 33, 36, 37, 39, 40, 41, 42, 43, 44, 46, 47, 54], "summary": {"covered_lines": 30, "num_statements": 36, "percent_covered": 83.33333333333333, "missing_lines": 6, "excluded_lines": 0}, "missing_lines": [19, 27, 34, 49, 50, 52], "excluded_lines": []}, "flaskr/db.py": {"executed_lines": [1, 3], "summary": {"covered_lines": 2, "num_statements": 2, "percent_covered": 100.0, "missing_lines": 0, "excluded_lines": 0}, "missing_lines": [], "excluded_lines": []}, "flaskr/routes.py": {"executed_lines": [1, 2, 3, 4, 5, 6, 7, 8, 9, 10, 17, 18, 21, 24, 25, 26, 43, 44, 45, 46, 64, 65, 80, 92, 98, 99, 100, 101, 102, 103, 104, 120, 133, 139, 140, 141, 142, 143, 144, 145, 161, 174, 180, 181, 182, 183, 184, 185, 186, 202, 215, 221, 222, 223, 224, 241, 242, 244, 250, 252, 253, 256, 257, 258, 259, 261, 262, 263, 265, 267, 272, 274, 275, 276, 277, 281, 283, 284, 285, 288, 289, 291, 292, 293, 294, 296, 297, 298, 305, 306, 308, 309, 312, 313, 315, 316, 317, 319, 320, 325, 326, 328, 329, 330, 332, 337, 338, 340, 341, 342, 344, 349, 350, 352, 353, 354, 356, 361, 362, 364, 365, 366, 367, 372, 373, 375, 376, 377, 393, 398, 399, 401, 402, 403, 404, 405, 406, 407, 408, 410, 412, 414, 415, 422], "summary": {"covered_lines": 144, "num_statements": 211, "percent_covered": 68.24644549763033, "missing_lines": 67, "excluded_lines": 0}, "missing_lines": [19, 27, 28, 30, 35, 36, 38, 39, 40, 66, 94, 95, 105, 134, 135, 136, 146, 175, 176, 177, 187, 216, 217, 218, 246, 247, 254, 264, 269, 270, 278, 279, 286, 299, 300, 302, 303, 310, 321, 322, 323, 333, 334, 335, 345, 346, 347, 357, 358, 359, 368, 369, 370, 394, 395, 396, 409, 411, 413, 416, 417, 418, 419, 421, 423, 424, 425], "excluded_lines": []}}, "totals": {"covered_lines": 176, "num_statements": 249, "percent_covered": 70.68273092369478, "missing_lines": 73, "excluded_lines": 0}}