{"meta": {"version": "5.3", "timestamp": "2020-12-01T18:44:03.474477", "branch_coverage": false, "show_contexts": false}, "files": {"flaskr/__init__.py": {"executed_lines": [1, 2, 3, 4, 5, 11, 13, 15, 16, 17, 19, 23, 25, 26, 30, 31, 32, 33, 34, 37, 38, 40, 42, 43, 44, 45, 48, 50, 51, 58], "summary": {"covered_lines": 30, "num_statements": 36, "percent_covered": 83.33333333333333, "missing_lines": 6, "excluded_lines": 0}, "missing_lines": [20, 28, 35, 53, 54, 56], "excluded_lines": []}, "flaskr/db.py": {"executed_lines": [1, 3], "summary": {"covered_lines": 2, "num_statements": 2, "percent_covered": 100.0, "missing_lines": 0, "excluded_lines": 0}, "missing_lines": [], "excluded_lines": []}, "flaskr/routes.py": {"executed_lines": [1, 2, 3, 4, 5, 6, 7, 8, 9, 10, 17, 18, 21, 23, 24, 25, 41, 42, 43, 44, 62, 63, 78, 90, 95, 96, 97, 98, 99, 100, 101, 117, 130, 135, 136, 137, 138, 139, 140, 141, 157, 170, 175, 176, 177, 178, 179, 180, 181, 197, 210, 215, 216, 217, 218, 235, 236, 238, 243, 245, 246, 247, 250, 251, 252, 253, 255, 256, 257, 259, 261, 267, 269, 270, 271, 272, 276, 278, 279, 280, 283, 284, 286, 287, 288, 289, 291, 292, 293, 300, 301, 303, 304, 307, 308, 310, 311, 312, 314, 315, 320, 321, 323, 324, 325, 327, 332, 333, 335, 336, 337, 339, 344, 345, 347, 348, 349, 351, 356, 357, 359, 360, 361, 362, 367, 368, 370, 371, 372, 388, 393, 394, 396, 397, 398, 400, 401, 402, 403, 405, 407, 409, 411, 412, 420], "summary": {"covered_lines": 145, "num_statements": 213, "percent_covered": 68.07511737089202, "missing_lines": 68, "excluded_lines": 0}, "missing_lines": [19, 26, 27, 29, 34, 35, 37, 38, 39, 64, 92, 93, 102, 131, 132, 133, 142, 171, 172, 173, 182, 211, 212, 213, 240, 241, 248, 258, 262, 264, 265, 273, 274, 281, 294, 295, 297, 298, 305, 316, 317, 318, 328, 329, 330, 340, 341, 342, 352, 353, 354, 363, 364, 365, 389, 390, 391, 406, 408, 410, 413, 414, 415, 416, 418, 421, 422, 423], "excluded_lines": []}}, "totals": {"covered_lines": 177, "num_statements": 251, "percent_covered": 70.5179282868526, "missing_lines": 74, "excluded_lines": 0}}